{
    "2021EnactedPlan": {
        "polsby_popper": {
            "1": 0.37822798596810975,
            "0": 0.43133688576849516,
            "2": 0.2618343854894234,
            "3": 0.28692066414497985
        },
        "reock": {
            "0": 0.42971554728329475,
            "1": 0.5085206431109939,
            "2": 0.3953155486032483,
            "3": 0.3969292382126597
        },
        "county_splits": 5,
        "muni_splits": 13,
        "cut_edges": 306,
        "dem_wins_by_race": {
            "pres_12": 0,
            "pres_16": 0,
            "sen_16": 0,
            "pres_20": 0,
            "sen_18": 0,
            "gov_16": 0,
            "gov_20": 0,
            "ag_16": 0,
            "ag_20": 0,
            "aud_20": 0,
            "ag_24": 0,
            "gov_24": 0,
            "sen_24": 0,
            "aud_24": 0,
            "pres_24": 0
        },
        "always_r_count": 4,
        "PB": 0.0,
        "EG": -0.1296726093408338,
        "MM": 0.00043641382764258996,
        "PG": 0.0008728276552852909
    },
    "Escamilla_Owens": {
        "polsby_popper": {
            "1": 0.5001931665388905,
            "0": 0.5671702850622041,
            "2": 0.31561818560339283,
            "3": 0.2253448917706745
        },
        "reock": {
            "0": 0.5021336429418841,
            "1": 0.5648075196057749,
            "2": 0.5439460705927689,
            "3": 0.4852740604123083
        },
        "county_splits": 4,
        "muni_splits": 7,
        "cut_edges": 245,
        "dem_wins_by_race": {
            "pres_12": 0,
            "pres_16": 1,
            "sen_16": 0,
            "pres_20": 1,
            "sen_18": 1,
            "gov_16": 1,
            "gov_20": 1,
            "ag_16": 0,
            "ag_20": 1,
            "aud_20": 0,
            "ag_24": 1,
            "gov_24": 1,
            "sen_24": 1,
            "aud_24": 1,
            "pres_24": 1
        },
        "always_r_count": 3,
        "PB": -0.25,
        "EG": 0.11089263511356218,
        "MM": -0.052516015891563794,
        "PG": 0.10503203178312764
    },
    "OptionA": {
        "polsby_popper": {
            "3": 0.4109707946325981,
            "0": 0.42664725829146843,
            "2": 0.24042173733293487,
            "1": 0.44923788735669323
        },
        "reock": {
            "0": 0.4571581892731962,
            "1": 0.5212383469321257,
            "2": 0.355599024804229,
            "3": 0.6127023684722972
        },
        "county_splits": 3,
        "muni_splits": 4,
        "cut_edges": 246,
        "dem_wins_by_race": {
            "pres_12": 0,
            "pres_16": 1,
            "sen_16": 0,
            "pres_20": 1,
            "sen_18": 0,
            "gov_16": 0,
            "gov_20": 0,
            "ag_16": 0,
            "ag_20": 0,
            "aud_20": 0,
            "ag_24": 0,
            "gov_24": 0,
            "sen_24": 0,
            "aud_24": 0,
            "pres_24": 1
        },
        "always_r_count": 3,
        "PB": 0.0,
        "EG": -0.12967260934083402,
        "MM": 0.0016365121417465378,
        "PG": 0.0032730242834930756
    },
    "OptionB": {
        "polsby_popper": {
            "2": 0.33182777682712583,
            "0": 0.42311423092402417,
            "1": 0.23319927800243023,
            "3": 0.45363279193478856
        },
        "reock": {
            "0": 0.45681815115854973,
            "1": 0.3839534934403554,
            "2": 0.5343939500930888,
            "3": 0.5218382644477834
        },
        "county_splits": 3,
        "muni_splits": 4,
        "cut_edges": 271,
        "dem_wins_by_race": {
            "pres_12": 0,
            "pres_16": 1,
            "sen_16": 0,
            "pres_20": 1,
            "sen_18": 0,
            "gov_16": 0,
            "gov_20": 0,
            "ag_16": 0,
            "ag_20": 0,
            "aud_20": 0,
            "ag_24": 0,
            "gov_24": 0,
            "sen_24": 0,
            "aud_24": 0,
            "pres_24": 1
        },
        "always_r_count": 3,
        "PB": 0.0,
        "EG": -0.12967260934083402,
        "MM": -0.00239547128895351,
        "PG": 0.004790942577907048
    },
    "OptionC": {
        "polsby_popper": {
            "3": 0.41195238896356523,
            "0": 0.4379380881334968,
            "2": 0.2265642866463676,
            "1": 0.5246221970425745
        },
        "reock": {
            "0": 0.45727554933215814,
            "1": 0.5586181103298044,
            "2": 0.3570941441017326,
            "3": 0.6126809912293018
        },
        "county_splits": 3,
        "muni_splits": 3,
        "cut_edges": 249,
        "dem_wins_by_race": {
            "pres_12": 0,
            "pres_16": 0,
            "sen_16": 0,
            "pres_20": 0,
            "sen_18": 0,
            "gov_16": 0,
            "gov_20": 0,
            "ag_16": 0,
            "ag_20": 0,
            "aud_20": 0,
            "ag_24": 0,
            "gov_24": 0,
            "sen_24": 0,
            "aud_24": 0,
            "pres_24": 0
        },
        "always_r_count": 4,
        "PB": 0.0,
        "EG": -0.12967260934083416,
        "MM": 0.014279601014251853,
        "PG": 0.028559202028503747
    },
    "OptionD": {
        "polsby_popper": {
            "1": 0.42442315649529655,
            "0": 0.1667858501727256,
            "2": 0.263667669917398,
            "3": 0.15923493206237238
        },
        "reock": {
            "0": 0.22355733361059324,
            "1": 0.626016137259603,
            "2": 0.5262065152473794,
            "3": 0.5118767457588236
        },
        "county_splits": 5,
        "muni_splits": 5,
        "cut_edges": 290,
        "dem_wins_by_race": {
            "pres_12": 0,
            "pres_16": 1,
            "sen_16": 0,
            "pres_20": 1,
            "sen_18": 0,
            "gov_16": 0,
            "gov_20": 0,
            "ag_16": 0,
            "ag_20": 0,
            "aud_20": 0,
            "ag_24": 0,
            "gov_24": 0,
            "sen_24": 0,
            "aud_24": 0,
            "pres_24": 1
        },
        "always_r_count": 3,
        "PB": 0.0,
        "EG": -0.12967260934083408,
        "MM": 0.003541721010821952,
        "PG": 0.0070834420216439875
    },
    "OptionE": {
        "polsby_popper": {
            "2": 0.5375741637012552,
            "0": 0.314552194876306,
            "1": 0.21554218794897634,
            "3": 0.5109366698932846
        },
        "reock": {
            "0": 0.3166904024704222,
            "1": 0.375229640620924,
            "2": 0.5832316792565427,
            "3": 0.5614076222937044
        },
        "county_splits": 4,
        "muni_splits": 2,
        "cut_edges": 314,
        "dem_wins_by_race": {
            "pres_12": 0,
            "pres_16": 1,
            "sen_16": 0,
            "pres_20": 1,
            "sen_18": 0,
            "gov_16": 0,
            "gov_20": 0,
            "ag_16": 0,
            "ag_20": 0,
            "aud_20": 0,
            "ag_24": 0,
            "gov_24": 0,
            "sen_24": 0,
            "aud_24": 0,
            "pres_24": 1
        },
        "always_r_count": 3,
        "PB": 0.0,
        "EG": -0.12967260934083427,
        "MM": 0.005652851512335577,
        "PG": 0.011305703024671168
    },
    "UIRCOrange": {
        "polsby_popper": {
            "1": 0.5182712964862408,
            "0": 0.5671702850622041,
            "2": 0.3961297036139427,
            "3": 0.2449656880534632
        },
        "reock": {
            "0": 0.5021336429418841,
            "1": 0.5644967532463342,
            "2": 0.6253027351813006,
            "3": 0.5043700045928456
        },
        "county_splits": 4,
        "muni_splits": 7,
        "cut_edges": 230,
        "dem_wins_by_race": {
            "pres_12": 0,
            "pres_16": 1,
            "sen_16": 0,
            "pres_20": 1,
            "sen_18": 1,
            "gov_16": 1,
            "gov_20": 1,
            "ag_16": 0,