{
    "2021EnactedPlan": {
        "LRVS": 0.6588761752302057,
        "RMD_median": 0.1772705325402341,
        "RMD_average": 0.16672653022886608,
        "PI": [
            0.6588761752302057,
            0.6759549010098369,
            0.6936113364217958,
            0.7124357175119976
        ],
        "RMD_median_districtPairsRA_percentile": 1.0
    },
    "Escamilla_Owens": {
        "LRVS": 0.47214440691635245,
        "RMD_median": 0.062407399857394005,
        "RMD_average": 0.07275319645506767,
        "PI": [
            0.47214440691635245,
            0.7264934819794797,
            0.7433483250096675,
            0.7876333365065393
        ],
        "RMD_median_districtPairsRA_percentile": 0.98974
    },
    "OptionA": {
        "LRVS": 0.5601701106471256,
        "RMD_median": 0.07026941216138478,
        "RMD_average": 0.05954715477486535,
        "PI": [
            0.5601701106471256,
            0.6320818571146923,
            0.7352733955702349,
            0.8137311906047876
        ],
        "RMD_median_districtPairsRA_percentile": 0.99772
    },
    "OptionB": {
        "LRVS": 0.5522878460858258,
        "RMD_median": 0.06106216852589773,
        "RMD_average": 0.05033488904571201,
        "PI": [
            0.5522878460858258,
            0.6372300935716291,
            0.7360429726288494,
            0.8114033349588385
        ],
        "RMD_median_districtPairsRA_percentile": 0.98561
    },
    "OptionC": {
        "LRVS": 0.5899135785001941,
        "RMD_median": 0.10542020481284767,
        "RMD_average": 0.094099895013724,
        "PI": [
            0.5899135785001941,
            0.6116382498660229,
            0.7346534899145137,
            0.81349656533735
        ],
        "RMD_median_districtPairsRA_percentile": 1.0
    },
    "OptionD": {
        "LRVS": 0.5675006324580584,
        "RMD_median": 0.0713248830092371,
        "RMD_average": 0.06028150197654429,
        "PI": [
            0.5675006324580584,
            0.6389102757840014,
            0.7241913544281858,
            0.8097678817974167
        ],
        "RMD_median_districtPairsRA_percentile": 0.99808
    },
    "OptionE": {
        "LRVS": 0.5734033020895262,
        "RMD_median": 0.10012201218096706,
        "RMD_average": 0.08898902027185164,
        "PI": [
            0.5734033020895262,
            0.6060753541296349,
            0.7546790878581688,
            0.8099625459476197
        ],
        "RMD_median_districtPairsRA_percentile": 1.0
    },
    "UIRCOrange": {
        "LRVS": 0.47218496407503036,
        "RMD_median": 0.06251540297098043,
        "RMD_average": 0.07280313573637692,
        "PI": [
            0.47218496407503036,
            0.7264934819794797,
            0.7433483250096675,
            0.7871645884334442
        ],
        "RMD_median_districtPairsRA_percentile": 0.98991
    },
    "UIRCPublic": {
        "LRVS": 0.4923043680692683,
        "RMD_median": 0.04384323210823207,
        "RMD_average": 0.05502265154130255,
        "PI": [
            0.4923043680692683,
            0.7220487574862094,
            0.7391219870953378,
            0.7994955752971827
        ],
        "RMD_median_districtPairsRA_percentile": 0.81287
    },
    "UIRCPurple": {
        "LRVS": 0.4910387989296176,
        "RMD_median": 0.03215768814392442,
        "RMD_average": 0.04202836421415285,
        "PI": [
            0.4910387989296176,
            0.6975258594345483,
            0.7536103869416636,
            0.8001304893256712
        ],
        "RMD_median_districtPairsRA_percentile": 0.61013
    },
    "Plaintiff1": {
        "LRVS": 0.4643424392380639,
        "RMD_median": 0.07756787843703047,
        "RMD_average": 0.0868689072707531,
        "PI": [
            0.4643424392380639,
            0.7346534899145137,
            0.7486468312014234,
            0.7759589914038095
        ],
        "RMD_median_districtPairsRA_percentile": 0.99941
    },
    "Plaintiff2": {
        "LRVS": 0.5019040169868046,
        "RMD_median": 0.015060908964089662,
        "RMD_average": 0.026482814620601747,
        "PI": [
            0.5019040169868046,
            0.6831087229713111,
            0.7346534899145137,
            0.8134512026531556
        ],
        "RMD_median_districtPairsRA_percentile": 0.18639
    }
}